city,date_time,maxtempC,Cigarette consumption per year per person,Density(P/km2),age_greater_65,median_age,mintempC,humidity,confirmed cases
China,2020-01-22,7,"2,043",153,"152,098,421",37.4,-1,36,32
China,2020-01-23,7,"2,043",153,"152,098,421",37.4,1,44,264
China,2020-01-24,3,"2,043",153,"152,098,421",37.4,-6,42,261
China,2020-01-25,7,"2,043",153,"152,098,421",37.4,-1,47,462
China,2020-01-26,3,"2,043",153,"152,098,421",37.4,0,46,688
China,2020-01-27,4,"2,043",153,"152,098,421",37.4,0,53,776
China,2020-01-28,5,"2,043",153,"152,098,421",37.4,0,54,1776
China,2020-01-29,7,"2,043",153,"152,098,421",37.4,1,49,1460
China,2020-01-30,10,"2,043",153,"152,098,421",37.4,1,45,1739
China,2020-01-31,11,"2,043",153,"152,098,421",37.4,3,37,1984
China,2020-02-01,4,"2,043",153,"152,098,421",37.4,0,23,2101
China,2020-02-02,4,"2,043",153,"152,098,421",37.4,-1,46,2590
China,2020-02-03,5,"2,043",153,"152,098,421",37.4,0,28,2827
China,2020-02-04,2,"2,043",153,"152,098,421",37.4,-4,30,3233
China,2020-02-05,-3,"2,043",153,"152,098,421",37.4,-6,63,3892
China,2020-02-06,-2,"2,043",153,"152,098,421",37.4,-7,78,3697
China,2020-02-07,5,"2,043",153,"152,098,421",37.4,-3,71,3151
China,2020-02-08,4,"2,043",153,"152,098,421",37.4,-5,55,3387
China,2020-02-09,9,"2,043",153,"152,098,421",37.4,0,57,2653
China,2020-02-10,13,"2,043",153,"152,098,421",37.4,3,44,2984
China,2020-02-11,11,"2,043",153,"152,098,421",37.4,5,49,2473
China,2020-02-12,15,"2,043",153,"152,098,421",37.4,6,50,2022
China,2020-02-13,14,"2,043",153,"152,098,421",37.4,5,57,1820
China,2020-02-14,2,"2,043",153,"152,098,421",37.4,-1,80,1998
China,2020-02-15,-1,"2,043",153,"152,098,421",37.4,-4,30,1506
China,2020-02-16,2,"2,043",153,"152,098,421",37.4,-3,26,1120
China,2020-02-17,10,"2,043",153,"152,098,421",37.4,-1,33,19461
China,2020-02-18,8,"2,043",153,"152,098,421",37.4,1,40,1893
China,2020-02-19,9,"2,043",153,"152,098,421",37.4,2,51,1752
China,2020-02-20,7,"2,043",153,"152,098,421",37.4,1,64,395
China,2020-02-21,10,"2,043",153,"152,098,421",37.4,3,35,894
China,2020-02-22,11,"2,043",153,"152,098,421",37.4,2,22,823
China,2020-02-23,13,"2,043",153,"152,098,421",37.4,1,26,650
China,2020-02-24,11,"2,043",153,"152,098,421",37.4,4,37,220
China,2020-02-25,11,"2,043",153,"152,098,421",37.4,6,33,518
China,2020-02-26,9,"2,043",153,"152,098,421",37.4,4,38,411
China,2020-02-27,8,"2,043",153,"152,098,421",37.4,3,39,439
China,2020-02-28,12,"2,043",153,"152,098,421",37.4,4,37,331
China,2020-02-29,9,"2,043",153,"152,098,421",37.4,4,56,433
China,2020-03-01,10,"2,043",153,"152,098,421",37.4,4,31,574
China,2020-03-02,11,"2,043",153,"152,098,421",37.4,6,30,206
China,2020-03-03,8,"2,043",153,"152,098,421",37.4,0,24,130
China,2020-03-04,12,"2,043",153,"152,098,421",37.4,2,18,118
China,2020-03-05,10,"2,043",153,"152,098,421",37.4,4,25,143
China,2020-03-06,12,"2,043",153,"152,098,421",37.4,4,43,146
China,2020-03-07,18,"2,043",153,"152,098,421",37.4,7,44,102
China,2020-03-08,11,"2,043",153,"152,098,421",37.4,5,72,46
China,2020-03-09,12,"2,043",153,"152,098,421",37.4,8,61,45
China,2020-03-10,11,"2,043",153,"152,098,421",37.4,6,16,20
China,2020-03-11,18,"2,043",153,"152,098,421",37.4,5,21,31
China,2020-03-12,13,"2,043",153,"152,098,421",37.4,7,20,26
China,2020-03-13,13,"2,043",153,"152,098,421",37.4,4,13,10
China,2020-03-14,15,"2,043",153,"152,098,421",37.4,7,17,30
China,2020-03-15,18,"2,043",153,"152,098,421",37.4,9,28,27
China,2020-03-16,18,"2,043",153,"152,098,421",37.4,6,36,29
China,2020-03-17,22,"2,043",153,"152,098,421",37.4,13,20,39
Italy,2020-01-22,14,"1,493",206,"13,749,132",45.5,8,65,
Italy,2020-01-23,17,"1,493",206,"13,749,132",45.5,8,67,
Italy,2020-01-24,14,"1,493",206,"13,749,132",45.5,10,70,
Italy,2020-01-25,14,"1,493",206,"13,749,132",45.5,10,79,
Italy,2020-01-26,13,"1,493",206,"13,749,132",45.5,9,79,
Italy,2020-01-27,15,"1,493",206,"13,749,132",45.5,8,75,
Italy,2020-01-28,12,"1,493",206,"13,749,132",45.5,10,82,
Italy,2020-01-29,15,"1,493",206,"13,749,132",45.5,10,74,
Italy,2020-01-30,14,"1,493",206,"13,749,132",45.5,8,70,
Italy,2020-01-31,13,"1,493",206,"13,749,132",45.5,10,74,
Italy,2020-02-01,15,"1,493",206,"13,749,132",45.5,10,82,0
Italy,2020-02-02,16,"1,493",206,"13,749,132",45.5,11,83,0
Italy,2020-02-03,18,"1,493",206,"13,749,132",45.5,11,80,0
Italy,2020-02-04,18,"1,493",206,"13,749,132",45.5,10,66,0
Italy,2020-02-05,12,"1,493",206,"13,749,132",45.5,7,35,0
Italy,2020-02-06,12,"1,493",206,"13,749,132",45.5,5,33,0
Italy,2020-02-07,14,"1,493",206,"13,749,132",45.5,5,40,1
Italy,2020-02-08,15,"1,493",206,"13,749,132",45.5,7,47,0
Italy,2020-02-09,14,"1,493",206,"13,749,132",45.5,8,63,0
Italy,2020-02-10,13,"1,493",206,"13,749,132",45.5,10,80,0
Italy,2020-02-11,17,"1,493",206,"13,749,132",45.5,12,79,0
Italy,2020-02-12,16,"1,493",206,"13,749,132",45.5,10,64,0
Italy,2020-02-13,14,"1,493",206,"13,749,132",45.5,9,69,0
Italy,2020-02-14,17,"1,493",206,"13,749,132",45.5,11,60,0
Italy,2020-02-15,19,"1,493",206,"13,749,132",45.5,9,52,0
Italy,2020-02-16,17,"1,493",206,"13,749,132",45.5,10,61,0
Italy,2020-02-17,16,"1,493",206,"13,749,132",45.5,9,60,0
Italy,2020-02-18,13,"1,493",206,"13,749,132",45.5,10,74,0
Italy,2020-02-19,13,"1,493",206,"13,749,132",45.5,9,77,0
Italy,2020-02-20,18,"1,493",206,"13,749,132",45.5,7,65,0
Italy,2020-02-21,17,"1,493",206,"13,749,132",45.5,10,57,0
Italy,2020-02-22,16,"1,493",206,"13,749,132",45.5,9,64,6
Italy,2020-02-23,17,"1,493",206,"13,749,132",45.5,9,71,67
Italy,2020-02-24,19,"1,493",206,"13,749,132",45.5,10,73,48
Italy,2020-02-25,16,"1,493",206,"13,749,132",45.5,11,74,105
Italy,2020-02-26,16,"1,493",206,"13,749,132",45.5,9,58,93
Italy,2020-02-27,13,"1,493",206,"13,749,132",45.5,6,45,78
Italy,2020-02-28,17,"1,493",206,"13,749,132",45.5,11,52,250
Italy,2020-02-29,14,"1,493",206,"13,749,132",45.5,8,57,238
Italy,2020-03-01,15,"1,493",206,"13,749,132",45.5,11,76,240
Italy,2020-03-02,16,"1,493",206,"13,749,132",45.5,10,80,561
Italy,2020-03-03,13,"1,493",206,"13,749,132",45.5,9,61,347
Italy,2020-03-04,15,"1,493",206,"13,749,132",45.5,7,63,466
Italy,2020-03-05,13,"1,493",206,"13,749,132",45.5,6,61,587
Italy,2020-03-06,15,"1,493",206,"13,749,132",45.5,10,69,769
Italy,2020-03-07,16,"1,493",206,"13,749,132",45.5,9,67,778
Italy,2020-03-08,16,"1,493",206,"13,749,132",45.5,7,54,1247
Italy,2020-03-09,14,"1,493",206,"13,749,132",45.5,7,57,1492
Italy,2020-03-10,16,"1,493",206,"13,749,132",45.5,8,57,1797
Italy,2020-03-11,18,"1,493",206,"13,749,132",45.5,9,61,977
Italy,2020-03-12,19,"1,493",206,"13,749,132",45.5,12,66,2313
Italy,2020-03-13,18,"1,493",206,"13,749,132",45.5,12,74,2651
Italy,2020-03-14,17,"1,493",206,"13,749,132",45.5,11,76,2547
Italy,2020-03-15,17,"1,493",206,"13,749,132",45.5,9,70,3497
Italy,2020-03-16,19,"1,493",206,"13,749,132",45.5,9,56,3590
Italy,2020-03-17,19,"1,493",206,"13,749,132",45.5,12,56,3233
Iran,2020-01-22,4,937,52,"5,058,998",30.3,-1,76,
Iran,2020-01-23,4,937,52,"5,058,998",30.3,-1,78,
Iran,2020-01-24,6,937,52,"5,058,998",30.3,-1,52,
Iran,2020-01-25,6,937,52,"5,058,998",30.3,-2,50,
Iran,2020-01-26,6,937,52,"5,058,998",30.3,-1,50,
Iran,2020-01-27,9,937,52,"5,058,998",30.3,0,43,
Iran,2020-01-28,7,937,52,"5,058,998",30.3,-1,46,
Iran,2020-01-29,7,937,52,"5,058,998",30.3,-1,48,
Iran,2020-01-30,8,937,52,"5,058,998",30.3,0,54,
Iran,2020-01-31,9,937,52,"5,058,998",30.3,3,47,
Iran,2020-02-01,7,937,52,"5,058,998",30.3,-1,48,
Iran,2020-02-02,5,937,52,"5,058,998",30.3,-4,53,
Iran,2020-02-03,7,937,52,"5,058,998",30.3,-1,44,
Iran,2020-02-04,9,937,52,"5,058,998",30.3,0,40,
Iran,2020-02-05,10,937,52,"5,058,998",30.3,1,52,
Iran,2020-02-06,15,937,52,"5,058,998",30.3,5,37,
Iran,2020-02-07,16,937,52,"5,058,998",30.3,6,35,
Iran,2020-02-08,15,937,52,"5,058,998",30.3,7,45,
Iran,2020-02-09,8,937,52,"5,058,998",30.3,3,48,
Iran,2020-02-10,6,937,52,"5,058,998",30.3,0,44,
Iran,2020-02-11,0,937,52,"5,058,998",30.3,-4,46,
Iran,2020-02-12,1,937,52,"5,058,998",30.3,-7,25,
Iran,2020-02-13,9,937,52,"5,058,998",30.3,-1,41,
Iran,2020-02-14,9,937,52,"5,058,998",30.3,-1,49,
Iran,2020-02-15,5,937,52,"5,058,998",30.3,-3,33,
Iran,2020-02-16,8,937,52,"5,058,998",30.3,-1,35,
Iran,2020-02-17,9,937,52,"5,058,998",30.3,2,56,
Iran,2020-02-18,13,937,52,"5,058,998",30.3,4,57,
Iran,2020-02-19,12,937,52,"5,058,998",30.3,5,51,
Iran,2020-02-20,8,937,52,"5,058,998",30.3,0,78,3
Iran,2020-02-21,14,937,52,"5,058,998",30.3,3,54,13
Iran,2020-02-22,15,937,52,"5,058,998",30.3,6,45,10
Iran,2020-02-23,14,937,52,"5,058,998",30.3,6,42,15
Iran,2020-02-24,16,937,52,"5,058,998",30.3,8,50,18
Iran,2020-02-25,10,937,52,"5,058,998",30.3,7,85,34
Iran,2020-02-26,7,937,52,"5,058,998",30.3,2,71,46
Iran,2020-02-27,15,937,52,"5,058,998",30.3,3,44,104
Iran,2020-02-28,13,937,52,"5,058,998",30.3,7,43,143
Iran,2020-02-29,18,937,52,"5,058,998",30.3,7,35,205
Iran,2020-03-01,19,937,52,"5,058,998",30.3,8,39,385
Iran,2020-03-02,10,937,52,"5,058,998",30.3,4,57,523
Iran,2020-03-03,10,937,52,"5,058,998",30.3,1,43,835
Iran,2020-03-04,15,937,52,"5,058,998",30.3,5,37,586
Iran,2020-03-05,18,937,52,"5,058,998",30.3,8,32,591
Iran,2020-03-06,16,937,52,"5,058,998",30.3,7,28,1234
Iran,2020-03-07,16,937,52,"5,058,998",30.3,7,35,1076
Iran,2020-03-08,15,937,52,"5,058,998",30.3,7,42,743
Iran,2020-03-09,17,937,52,"5,058,998",30.3,10,22,595
Iran,2020-03-10,17,937,52,"5,058,998",30.3,8,14,881
Iran,2020-03-11,17,937,52,"5,058,998",30.3,10,16,958
Iran,2020-03-12,22,937,52,"5,058,998",30.3,11,22,1075
Iran,2020-03-13,20,937,52,"5,058,998",30.3,11,26,1289
Iran,2020-03-14,19,937,52,"5,058,998",30.3,13,30,1365
Iran,2020-03-15,18,937,52,"5,058,998",30.3,12,39,2262
Iran,2020-03-16,19,937,52,"5,058,998",30.3,10,43,0
Iran,2020-03-17,18,937,52,"5,058,998",30.3,11,47,3
Spain,2020-01-22,10,"1,499",94,"9,054,365",42.7,5,74,
Spain,2020-01-23,11,"1,499",94,"9,054,365",42.7,4,73,
Spain,2020-01-24,10,"1,499",94,"9,054,365",42.7,6,83,
Spain,2020-01-25,9,"1,499",94,"9,054,365",42.7,6,86,
Spain,2020-01-26,11,"1,499",94,"9,054,365",42.7,6,78,
Spain,2020-01-27,9,"1,499",94,"9,054,365",42.7,5,85,
Spain,2020-01-28,13,"1,499",94,"9,054,365",42.7,8,89,
Spain,2020-01-29,12,"1,499",94,"9,054,365",42.7,8,86,
Spain,2020-01-30,12,"1,499",94,"9,054,365",42.7,8,85,
Spain,2020-01-31,15,"1,499",94,"9,054,365",42.7,9,86,
Spain,2020-02-01,17,"1,499",94,"9,054,365",42.7,11,87,
Spain,2020-02-02,16,"1,499",94,"9,054,365",42.7,9,87,0
Spain,2020-02-03,19,"1,499",94,"9,054,365",42.7,9,75,0
Spain,2020-02-04,23,"1,499",94,"9,054,365",42.7,10,62,0
Spain,2020-02-05,17,"1,499",94,"9,054,365",42.7,10,51,0
Spain,2020-02-06,18,"1,499",94,"9,054,365",42.7,6,71,0
Spain,2020-02-07,15,"1,499",94,"9,054,365",42.7,8,69,0
Spain,2020-02-08,13,"1,499",94,"9,054,365",42.7,7,81,0
Spain,2020-02-09,12,"1,499",94,"9,054,365",42.7,6,85,0
Spain,2020-02-10,18,"1,499",94,"9,054,365",42.7,8,79,1
Spain,2020-02-11,17,"1,499",94,"9,054,365",42.7,9,78,0
Spain,2020-02-12,16,"1,499",94,"9,054,365",42.7,10,78,0
Spain,2020-02-13,16,"1,499",94,"9,054,365",42.7,9,78,0
Spain,2020-02-14,20,"1,499",94,"9,054,365",42.7,8,69,0
Spain,2020-02-15,19,"1,499",94,"9,054,365",42.7,8,68,0
Spain,2020-02-16,17,"1,499",94,"9,054,365",42.7,12,67,0
Spain,2020-02-17,15,"1,499",94,"9,054,365",42.7,9,74,0
Spain,2020-02-18,14,"1,499",94,"9,054,365",42.7,7,60,0
Spain,2020-02-19,19,"1,499",94,"9,054,365",42.7,8,48,0
Spain,2020-02-20,21,"1,499",94,"9,054,365",42.7,9,42,0
Spain,2020-02-21,20,"1,499",94,"9,054,365",42.7,8,36,0
Spain,2020-02-22,24,"1,499",94,"9,054,365",42.7,12,34,0
Spain,2020-02-23,24,"1,499",94,"9,054,365",42.7,12,34,0
Spain,2020-02-24,22,"1,499",94,"9,054,365",42.7,10,39,0
Spain,2020-02-25,16,"1,499",94,"9,054,365",42.7,10,45,0
Spain,2020-02-26,15,"1,499",94,"9,054,365",42.7,8,47,0
Spain,2020-02-27,17,"1,499",94,"9,054,365",42.7,7,50,10
Spain,2020-02-28,19,"1,499",94,"9,054,365",42.7,9,47,13
Spain,2020-02-29,12,"1,499",94,"9,054,365",42.7,7,76,7
Spain,2020-03-01,13,"1,499",94,"9,054,365",42.7,7,79,13
Spain,2020-03-02,11,"1,499",94,"9,054,365",42.7,7,62,0
Spain,2020-03-03,13,"1,499",94,"9,054,365",42.7,5,72,69
Spain,2020-03-04,17,"1,499",94,"9,054,365",42.7,10,71,37
Spain,2020-03-05,14,"1,499",94,"9,054,365",42.7,9,69,47
Spain,2020-03-06,11,"1,499",94,"9,054,365",42.7,6,51,59
Spain,2020-03-07,16,"1,499",94,"9,054,365",42.7,5,52,117
Spain,2020-03-08,17,"1,499",94,"9,054,365",42.7,9,55,56
Spain,2020-03-09,17,"1,499",94,"9,054,365",42.7,8,49,159
Spain,2020-03-10,22,"1,499",94,"9,054,365",42.7,10,48,435
Spain,2020-03-11,23,"1,499",94,"9,054,365",42.7,12,57,615
Spain,2020-03-12,25,"1,499",94,"9,054,365",42.7,16,49,501
Spain,2020-03-13,22,"1,499",94,"9,054,365",42.7,13,59,825
Spain,2020-03-14,22,"1,499",94,"9,054,365",42.7,12,57,1266
Spain,2020-03-15,19,"1,499",94,"9,054,365",42.7,13,58,1522
Spain,2020-03-16,6,"1,499",94,"9,054,365",42.7,3,80,2000
Spain,2020-03-17,15,"1,499",94,"9,054,365",42.7,6,73,1438
South Korea,2020-01-22,7,"1,667",527,"7,445,058",41.8,1,34,0
South Korea,2020-01-23,9,"1,667",527,"7,445,058",41.8,2,50,0
South Korea,2020-01-24,6,"1,667",527,"7,445,058",41.8,1,66,1
South Korea,2020-01-25,8,"1,667",527,"7,445,058",41.8,2,69,0
South Korea,2020-01-26,9,"1,667",527,"7,445,058",41.8,2,62,0
South Korea,2020-01-27,7,"1,667",527,"7,445,058",41.8,4,60,2
South Korea,2020-01-28,9,"1,667",527,"7,445,058",41.8,4,62,0
South Korea,2020-01-29,8,"1,667",527,"7,445,058",41.8,3,59,0
South Korea,2020-01-30,9,"1,667",527,"7,445,058",41.8,3,53,0
South Korea,2020-01-31,6,"1,667",527,"7,445,058",41.8,1,68,7
South Korea,2020-02-01,8,"1,667",527,"7,445,058",41.8,2,50,1
South Korea,2020-02-02,5,"1,667",527,"7,445,058",41.8,0,43,3
South Korea,2020-02-03,3,"1,667",527,"7,445,058",41.8,0,45,0
South Korea,2020-02-04,3,"1,667",527,"7,445,058",41.8,-3,49,1
South Korea,2020-02-05,-4,"1,667",527,"7,445,058",41.8,-8,34,2
South Korea,2020-02-06,-1,"1,667",527,"7,445,058",41.8,-6,23,5
South Korea,2020-02-07,1,"1,667",527,"7,445,058",41.8,-3,38,1
South Korea,2020-02-08,3,"1,667",527,"7,445,058",41.8,-3,54,0
South Korea,2020-02-09,3,"1,667",527,"7,445,058",41.8,1,50,3
South Korea,2020-02-10,10,"1,667",527,"7,445,058",41.8,2,61,0
South Korea,2020-02-11,15,"1,667",527,"7,445,058",41.8,3,43,1
South Korea,2020-02-12,5,"1,667",527,"7,445,058",41.8,-1,72,0
South Korea,2020-02-13,13,"1,667",527,"7,445,058",41.8,5,81,0
South Korea,2020-02-14,17,"1,667",527,"7,445,058",41.8,5,72,0
South Korea,2020-02-15,14,"1,667",527,"7,445,058",41.8,7,69,0
South Korea,2020-02-16,0,"1,667",527,"7,445,058",41.8,-7,77,1
South Korea,2020-02-17,-3,"1,667",527,"7,445,058",41.8,-6,56,1
South Korea,2020-02-18,3,"1,667",527,"7,445,058",41.8,-5,39,1
South Korea,2020-02-19,5,"1,667",527,"7,445,058",41.8,0,50,20
South Korea,2020-02-20,11,"1,667",527,"7,445,058",41.8,2,57,53
South Korea,2020-02-21,11,"1,667",527,"7,445,058",41.8,3,58,100
South Korea,2020-02-22,7,"1,667",527,"7,445,058",41.8,1,58,142
South Korea,2020-02-23,7,"1,667",527,"7,445,058",41.8,0,44,256
South Korea,2020-02-24,11,"1,667",527,"7,445,058",41.8,3,52,161
South Korea,2020-02-25,6,"1,667",527,"7,445,058",41.8,-2,76,214
South Korea,2020-02-26,11,"1,667",527,"7,445,058",41.8,3,66,284
South Korea,2020-02-27,13,"1,667",527,"7,445,058",41.8,4,58,505
South Korea,2020-02-28,5,"1,667",527,"7,445,058",41.8,-4,75,571
South Korea,2020-02-29,14,"1,667",527,"7,445,058",41.8,5,63,813
South Korea,2020-03-01,11,"1,667",527,"7,445,058",41.8,7,51,586
South Korea,2020-03-02,8,"1,667",527,"7,445,058",41.8,1,43,476
South Korea,2020-03-03,9,"1,667",527,"7,445,058",41.8,6,51,600
South Korea,2020-03-04,5,"1,667",527,"7,445,058",41.8,1,56,516
South Korea,2020-03-05,7,"1,667",527,"7,445,058",41.8,0,38,438
South Korea,2020-03-06,10,"1,667",527,"7,445,058",41.8,4,29,518
South Korea,2020-03-07,12,"1,667",527,"7,445,058",41.8,4,33,483
South Korea,2020-03-08,19,"1,667",527,"7,445,058",41.8,6,42,367
South Korea,2020-03-09,15,"1,667",527,"7,445,058",41.8,8,38,248
South Korea,2020-03-10,8,"1,667",527,"7,445,058",41.8,0,71,131
South Korea,2020-03-11,7,"1,667",527,"7,445,058",41.8,1,34,242
South Korea,2020-03-12,12,"1,667",527,"7,445,058",41.8,4,44,114
South Korea,2020-03-13,7,"1,667",527,"7,445,058",41.8,4,38,110
South Korea,2020-03-14,8,"1,667",527,"7,445,058",41.8,3,38,107
South Korea,2020-03-15,8,"1,667",527,"7,445,058",41.8,3,41,76
South Korea,2020-03-16,8,"1,667",527,"7,445,058",41.8,3,37,74
South Korea,2020-03-17,12,"1,667",527,"7,445,058",41.8,4,64,84
France,2020-01-22,7,"1,090",119,"13,420,643",41.4,1,68,
France,2020-01-23,9,"1,090",119,"13,420,643",41.4,2,66,
France,2020-01-24,9,"1,090",119,"13,420,643",41.4,2,62,
France,2020-01-25,8,"1,090",119,"13,420,643",41.4,2,89,
France,2020-01-26,10,"1,090",119,"13,420,643",41.4,5,86,0
France,2020-01-27,9,"1,090",119,"13,420,643",41.4,8,83,0
France,2020-01-28,8,"1,090",119,"13,420,643",41.4,1,66,0
France,2020-01-29,10,"1,090",119,"13,420,643",41.4,5,73,1
France,2020-01-30,11,"1,090",119,"13,420,643",41.4,5,91,1
France,2020-01-31,13,"1,090",119,"13,420,643",41.4,11,86,1
France,2020-02-01,14,"1,090",119,"13,420,643",41.4,11,79,0
France,2020-02-02,16,"1,090",119,"13,420,643",41.4,11,84,0
France,2020-02-03,13,"1,090",119,"13,420,643",41.4,4,78,0
France,2020-02-04,9,"1,090",119,"13,420,643",41.4,5,63,0
France,2020-02-05,9,"1,090",119,"13,420,643",41.4,5,74,0
France,2020-02-06,11,"1,090",119,"13,420,643",41.4,4,66,0
France,2020-02-07,10,"1,090",119,"13,420,643",41.4,5,68,0
France,2020-02-08,10,"1,090",119,"13,420,643",41.4,8,82,0
France,2020-02-09,12,"1,090",119,"13,420,643",41.4,7,78,5
France,2020-02-10,10,"1,090",119,"13,420,643",41.4,9,59,0
France,2020-02-11,8,"1,090",119,"13,420,643",41.4,5,60,0
France,2020-02-12,9,"1,090",119,"13,420,643",41.4,5,67,0
France,2020-02-13,11,"1,090",119,"13,420,643",41.4,3,71,0
France,2020-02-14,12,"1,090",119,"13,420,643",41.4,7,79,0
France,2020-02-15,13,"1,090",119,"13,420,643",41.4,7,77,0
France,2020-02-16,16,"1,090",119,"13,420,643",41.4,13,64,1
France,2020-02-17,12,"1,090",119,"13,420,643",41.4,8,61,0
France,2020-02-18,11,"1,090",119,"13,420,643",41.4,5,63,0
France,2020-02-19,9,"1,090",119,"13,420,643",41.4,7,70,0
France,2020-02-20,10,"1,090",119,"13,420,643",41.4,8,70,0
France,2020-02-21,10,"1,090",119,"13,420,643",41.4,5,65,0
France,2020-02-22,13,"1,090",119,"13,420,643",41.4,6,75,0
France,2020-02-23,14,"1,090",119,"13,420,643",41.4,10,83,0
France,2020-02-24,13,"1,090",119,"13,420,643",41.4,11,78,0
France,2020-02-25,10,"1,090",119,"13,420,643",41.4,6,70,0
France,2020-02-26,8,"1,090",119,"13,420,643",41.4,2,63,0
France,2020-02-27,11,"1,090",119,"13,420,643",41.4,4,74,6
France,2020-02-28,7,"1,090",119,"13,420,643",41.4,3,79,20
France,2020-02-29,11,"1,090",119,"13,420,643",41.4,6,71,19
France,2020-03-01,9,"1,090",119,"13,420,643",41.4,2,75,43
France,2020-03-02,8,"1,090",119,"13,420,643",41.4,6,78,0
France,2020-03-03,9,"1,090",119,"13,420,643",41.4,3,70,91
France,2020-03-04,8,"1,090",119,"13,420,643",41.4,4,78,21
France,2020-03-05,11,"1,090",119,"13,420,643",41.4,8,88,70
France,2020-03-06,9,"1,090",119,"13,420,643",41.4,6,69,138
France,2020-03-07,12,"1,090",119,"13,420,643",41.4,4,73,193
France,2020-03-08,11,"1,090",119,"13,420,643",41.4,7,79,93
France,2020-03-09,12,"1,090",119,"13,420,643",41.4,6,67,410
France,2020-03-10,14,"1,090",119,"13,420,643",41.4,8,84,286
France,2020-03-11,17,"1,090",119,"13,420,643",41.4,13,73,372
France,2020-03-12,11,"1,090",119,"13,420,643",41.4,7,63,495
France,2020-03-13,12,"1,090",119,"13,420,643",41.4,6,61,591
France,2020-03-14,11,"1,090",119,"13,420,643",41.4,7,74,780
France,2020-03-15,16,"1,090",119,"13,420,643",41.4,7,73,829
France,2020-03-16,11,"1,090",119,"13,420,643",41.4,9,81,911
France,2020-03-17,16,"1,090",119,"13,420,643",41.4,9,75,1193
Germany,2020-01-22,6,"1,600",240,"17,797,959",47.1,2,87,
Germany,2020-01-23,4,"1,600",240,"17,797,959",47.1,1,93,
Germany,2020-01-24,5,"1,600",240,"17,797,959",47.1,-2,80,
Germany,2020-01-25,3,"1,600",240,"17,797,959",47.1,0,75,
Germany,2020-01-26,4,"1,600",240,"17,797,959",47.1,0,71,
Germany,2020-01-27,7,"1,600",240,"17,797,959",47.1,2,87,
Germany,2020-01-28,9,"1,600",240,"17,797,959",47.1,3,75,
Germany,2020-01-29,5,"1,600",240,"17,797,959",47.1,3,77,3
Germany,2020-01-30,7,"1,600",240,"17,797,959",47.1,3,80,0
Germany,2020-01-31,10,"1,600",240,"17,797,959",47.1,5,80,1
Germany,2020-02-01,11,"1,600",240,"17,797,959",47.1,9,85,2
Germany,2020-02-02,9,"1,600",240,"17,797,959",47.1,7,78,1
Germany,2020-02-03,9,"1,600",240,"17,797,959",47.1,6,84,2
Germany,2020-02-04,6,"1,600",240,"17,797,959",47.1,4,75,2
Germany,2020-02-05,5,"1,600",240,"17,797,959",47.1,2,73,0
Germany,2020-02-06,5,"1,600",240,"17,797,959",47.1,2,83,0
Germany,2020-02-07,7,"1,600",240,"17,797,959",47.1,5,84,1
Germany,2020-02-08,8,"1,600",240,"17,797,959",47.1,2,77,1
Germany,2020-02-09,11,"1,600",240,"17,797,959",47.1,5,69,0
Germany,2020-02-10,10,"1,600",240,"17,797,959",47.1,5,66,0
Germany,2020-02-11,6,"1,600",240,"17,797,959",47.1,3,68,0
Germany,2020-02-12,5,"1,600",240,"17,797,959",47.1,3,63,2
Germany,2020-02-13,6,"1,600",240,"17,797,959",47.1,2,76,0
Germany,2020-02-14,6,"1,600",240,"17,797,959",47.1,3,89,0
Germany,2020-02-15,9,"1,600",240,"17,797,959",47.1,3,81,0
Germany,2020-02-16,13,"1,600",240,"17,797,959",47.1,7,64,0
Germany,2020-02-17,10,"1,600",240,"17,797,959",47.1,7,64,0
Germany,2020-02-18,8,"1,600",240,"17,797,959",47.1,6,70,0
Germany,2020-02-19,7,"1,600",240,"17,797,959",47.1,0,74,0
Germany,2020-02-20,7,"1,600",240,"17,797,959",47.1,2,80,0
Germany,2020-02-21,7,"1,600",240,"17,797,959",47.1,5,73,0
Germany,2020-02-22,11,"1,600",240,"17,797,959",47.1,5,63,0
Germany,2020-02-23,9,"1,600",240,"17,797,959",47.1,5,80,0
Germany,2020-02-24,7,"1,600",240,"17,797,959",47.1,4,78,0
Germany,2020-02-25,9,"1,600",240,"17,797,959",47.1,5,70,0
Germany,2020-02-26,5,"1,600",240,"17,797,959",47.1,2,78,2
Germany,2020-02-27,6,"1,600",240,"17,797,959",47.1,1,77,3
Germany,2020-02-28,7,"1,600",240,"17,797,959",47.1,1,74,5
Germany,2020-02-29,12,"1,600",240,"17,797,959",47.1,2,79,31
Germany,2020-03-01,10,"1,600",240,"17,797,959",47.1,5,69,0
Germany,2020-03-02,9,"1,600",240,"17,797,959",47.1,5,80,72
Germany,2020-03-03,8,"1,600",240,"17,797,959",47.1,4,80,28
Germany,2020-03-04,9,"1,600",240,"17,797,959",47.1,2,74,39
Germany,2020-03-05,9,"1,600",240,"17,797,959",47.1,2,71,66
Germany,2020-03-06,10,"1,600",240,"17,797,959",47.1,5,83,272
Germany,2020-03-07,8,"1,600",240,"17,797,959",47.1,4,80,105
Germany,2020-03-08,11,"1,600",240,"17,797,959",47.1,2,76,156
Germany,2020-03-09,10,"1,600",240,"17,797,959",47.1,6,79,317
Germany,2020-03-10,9,"1,600",240,"17,797,959",47.1,4,83,27
Germany,2020-03-11,12,"1,600",240,"17,797,959",47.1,7,71,157
Germany,2020-03-12,12,"1,600",240,"17,797,959",47.1,6,64,271
Germany,2020-03-13,8,"1,600",240,"17,797,959",47.1,4,71,802
Germany,2020-03-14,10,"1,600",240,"17,797,959",47.1,3,54,693
Germany,2020-03-15,11,"1,600",240,"17,797,959",47.1,2,44,733
Germany,2020-03-16,15,"1,600",240,"17,797,959",47.1,5,60,1043
Germany,2020-03-17,14,"1,600",240,"17,797,959",47.1,8,71,1174
United States,2020-01-22,11,"1,017",36,"51,717,496",38.1,3,73,
United States,2020-01-23,19,"1,017",36,"51,717,496",38.1,11,88,
United States,2020-01-24,16,"1,017",36,"51,717,496",38.1,8,71,0
United States,2020-01-25,16,"1,017",36,"51,717,496",38.1,7,67,1
United States,2020-01-26,13,"1,017",36,"51,717,496",38.1,10,91,0
United States,2020-01-27,18,"1,017",36,"51,717,496",38.1,12,88,3
United States,2020-01-28,17,"1,017",36,"51,717,496",38.1,10,84,0
United States,2020-01-29,15,"1,017",36,"51,717,496",38.1,11,88,0
United States,2020-01-30,14,"1,017",36,"51,717,496",38.1,9,86,0
United States,2020-01-31,16,"1,017",36,"51,717,496",38.1,10,84,1
United States,2020-02-01,15,"1,017",36,"51,717,496",38.1,7,72,1
United States,2020-02-02,20,"1,017",36,"51,717,496",38.1,10,72,1
United States,2020-02-03,20,"1,017",36,"51,717,496",38.1,14,82,3
United States,2020-02-04,21,"1,017",36,"51,717,496",38.1,16,87,0
United States,2020-02-05,22,"1,017",36,"51,717,496",38.1,19,91,0
United States,2020-02-06,10,"1,017",36,"51,717,496",38.1,6,82,1
United States,2020-02-07,16,"1,017",36,"51,717,496",38.1,5,59,0
United States,2020-02-08,18,"1,017",36,"51,717,496",38.1,12,82,0
United States,2020-02-09,21,"1,017",36,"51,717,496",38.1,14,78,0
United States,2020-02-10,23,"1,017",36,"51,717,496",38.1,19,91,0
United States,2020-02-11,24,"1,017",36,"51,717,496",38.1,18,90,1
United States,2020-02-12,23,"1,017",36,"51,717,496",38.1,19,92,0
United States,2020-02-13,12,"1,017",36,"51,717,496",38.1,9,82,1
United States,2020-02-14,13,"1,017",36,"51,717,496",38.1,5,73,1
United States,2020-02-15,17,"1,017",36,"51,717,496",38.1,6,75,0
United States,2020-02-16,21,"1,017",36,"51,717,496",38.1,15,90,0
United States,2020-02-17,22,"1,017",36,"51,717,496",38.1,14,91,0
United States,2020-02-18,24,"1,017",36,"51,717,496",38.1,19,92,0
United States,2020-02-19,20,"1,017",36,"51,717,496",38.1,13,90,0
United States,2020-02-20,18,"1,017",36,"51,717,496",38.1,8,91,0
United States,2020-02-21,11,"1,017",36,"51,717,496",38.1,4,73,0
United States,2020-02-22,14,"1,017",36,"51,717,496",38.1,3,70,20
United States,2020-02-23,17,"1,017",36,"51,717,496",38.1,10,81,0
United States,2020-02-24,21,"1,017",36,"51,717,496",38.1,14,84,0
United States,2020-02-25,19,"1,017",36,"51,717,496",38.1,14,76,18
United States,2020-02-26,11,"1,017",36,"51,717,496",38.1,7,63,0
United States,2020-02-27,11,"1,017",36,"51,717,496",38.1,2,62,6
United States,2020-02-28,17,"1,017",36,"51,717,496",38.1,5,60,0
United States,2020-02-29,18,"1,017",36,"51,717,496",38.1,9,58,3
United States,2020-03-01,20,"1,017",36,"51,717,496",38.1,12,73,0
United States,2020-03-02,22,"1,017",36,"51,717,496",38.1,14,86,0
United States,2020-03-03,24,"1,017",36,"51,717,496",38.1,18,86,2
United States,2020-03-04,24,"1,017",36,"51,717,496",38.1,17,93,44
United States,2020-03-05,16,"1,017",36,"51,717,496",38.1,14,85,21
United States,2020-03-06,17,"1,017",36,"51,717,496",38.1,11,64,19
United States,2020-03-07,16,"1,017",36,"51,717,496",38.1,8,63,65
United States,2020-03-08,20,"1,017",36,"51,717,496",38.1,8,65,0
United States,2020-03-09,21,"1,017",36,"51,717,496",38.1,14,84,0
United States,2020-03-10,23,"1,017",36,"51,717,496",38.1,18,86,259
United States,2020-03-11,23,"1,017",36,"51,717,496",38.1,17,83,224
United States,2020-03-12,24,"1,017",36,"51,717,496",38.1,17,86,291
United States,2020-03-13,24,"1,017",36,"51,717,496",38.1,18,88,277
United States,2020-03-14,25,"1,017",36,"51,717,496",38.1,18,86,414
United States,2020-03-15,27,"1,017",36,"51,717,496",38.1,18,80,0
United States,2020-03-16,25,"1,017",36,"51,717,496",38.1,17,81,0
United States,2020-03-17,26,"1,017",36,"51,717,496",38.1,19,83,1825
Switzerland,2020-01-22,9,"1,490",219,"1,586,054",42.4,-2,66,
Switzerland,2020-01-23,6,"1,490",219,"1,586,054",42.4,-2,69,
Switzerland,2020-01-24,9,"1,490",219,"1,586,054",42.4,-3,70,
Switzerland,2020-01-25,8,"1,490",219,"1,586,054",42.4,-1,76,
Switzerland,2020-01-26,8,"1,490",219,"1,586,054",42.4,-1,80,
Switzerland,2020-01-27,8,"1,490",219,"1,586,054",42.4,0,82,
Switzerland,2020-01-28,6,"1,490",219,"1,586,054",42.4,-1,88,
Switzerland,2020-01-29,4,"1,490",219,"1,586,054",42.4,1,92,
Switzerland,2020-01-30,8,"1,490",219,"1,586,054",42.4,0,82,
Switzerland,2020-01-31,12,"1,490",219,"1,586,054",42.4,6,91,
Switzerland,2020-02-01,13,"1,490",219,"1,586,054",42.4,4,84,
Switzerland,2020-02-02,10,"1,490",219,"1,586,054",42.4,5,90,
Switzerland,2020-02-03,12,"1,490",219,"1,586,054",42.4,7,83,
Switzerland,2020-02-04,4,"1,490",219,"1,586,054",42.4,-1,84,
Switzerland,2020-02-05,6,"1,490",219,"1,586,054",42.4,-1,86,
Switzerland,2020-02-06,6,"1,490",219,"1,586,054",42.4,-2,70,
Switzerland,2020-02-07,10,"1,490",219,"1,586,054",42.4,-1,65,
Switzerland,2020-02-08,10,"1,490",219,"1,586,054",42.4,-1,66,
Switzerland,2020-02-09,10,"1,490",219,"1,586,054",42.4,0,68,
Switzerland,2020-02-10,11,"1,490",219,"1,586,054",42.4,4,72,
Switzerland,2020-02-11,6,"1,490",219,"1,586,054",42.4,2,79,
Switzerland,2020-02-12,5,"1,490",219,"1,586,054",42.4,0,75,
Switzerland,2020-02-13,7,"1,490",219,"1,586,054",42.4,-2,72,
Switzerland,2020-02-14,8,"1,490",219,"1,586,054",42.4,1,86,
Switzerland,2020-02-15,13,"1,490",219,"1,586,054",42.4,0,70,
Switzerland,2020-02-16,12,"1,490",219,"1,586,054",42.4,3,65,
Switzerland,2020-02-17,12,"1,490",219,"1,586,054",42.4,4,79,
Switzerland,2020-02-18,7,"1,490",219,"1,586,054",42.4,1,81,
Switzerland,2020-02-19,5,"1,490",219,"1,586,054",42.4,-1,85,
Switzerland,2020-02-20,10,"1,490",219,"1,586,054",42.4,0,74,
Switzerland,2020-02-21,8,"1,490",219,"1,586,054",42.4,2,84,
Switzerland,2020-02-22,13,"1,490",219,"1,586,054",42.4,1,71,
Switzerland,2020-02-23,14,"1,490",219,"1,586,054",42.4,5,67,
Switzerland,2020-02-24,15,"1,490",219,"1,586,054",42.4,6,76,
Switzerland,2020-02-25,10,"1,490",219,"1,586,054",42.4,4,79,
Switzerland,2020-02-26,1,"1,490",219,"1,586,054",42.4,-2,82,
Switzerland,2020-02-27,2,"1,490",219,"1,586,054",42.4,-3,84,0
Switzerland,2020-02-28,7,"1,490",219,"1,586,054",42.4,-4,75,5
Switzerland,2020-02-29,11,"1,490",219,"1,586,054",42.4,1,79,4
Switzerland,2020-03-01,10,"1,490",219,"1,586,054",42.4,3,83,8
Switzerland,2020-03-02,5,"1,490",219,"1,586,054",42.4,-4,88,6
Switzerland,2020-03-03,6,"1,490",219,"1,586,054",42.4,-1,81,6
Switzerland,2020-03-04,8,"1,490",219,"1,586,054",42.4,-2,73,7
Switzerland,2020-03-05,5,"1,490",219,"1,586,054",42.4,1,88,19
Switzerland,2020-03-06,7,"1,490",219,"1,586,054",42.4,2,82,30
Switzerland,2020-03-07,7,"1,490",219,"1,586,054",42.4,-1,84,123
Switzerland,2020-03-08,10,"1,490",219,"1,586,054",42.4,-2,67,55
Switzerland,2020-03-09,7,"1,490",219,"1,586,054",42.4,-1,90,68
Switzerland,2020-03-10,5,"1,490",219,"1,586,054",42.4,-2,93,0
Switzerland,2020-03-11,15,"1,490",219,"1,586,054",42.4,5,88,159
Switzerland,2020-03-12,16,"1,490",219,"1,586,054",42.4,5,78,154
Switzerland,2020-03-13,10,"1,490",219,"1,586,054",42.4,5,78,213
Switzerland,2020-03-14,10,"1,490",219,"1,586,054",42.4,2,79,267
Switzerland,2020-03-15,14,"1,490",219,"1,586,054",42.4,0,74,234
Switzerland,2020-03-16,16,"1,490",219,"1,586,054",42.4,2,65,841
Switzerland,2020-03-17,17,"1,490",219,"1,586,054",42.4,4,74,0
United Kingdom,2020-01-22,0,828,281,"12,231,225",40.5,-13,85,
United Kingdom,2020-01-23,3,828,281,"12,231,225",40.5,-8,77,
United Kingdom,2020-01-24,4,828,281,"12,231,225",40.5,-6,79,
United Kingdom,2020-01-25,4,828,281,"12,231,225",40.5,-2,96,
United Kingdom,2020-01-26,3,828,281,"12,231,225",40.5,-6,88,
United Kingdom,2020-01-27,3,828,281,"12,231,225",40.5,-3,84,
United Kingdom,2020-01-28,1,828,281,"12,231,225",40.5,-7,83,
United Kingdom,2020-01-29,-1,828,281,"12,231,225",40.5,-11,76,
United Kingdom,2020-01-30,0,828,281,"12,231,225",40.5,-12,64,
United Kingdom,2020-01-31,3,828,281,"12,231,225",40.5,-8,70,
United Kingdom,2020-02-01,3,828,281,"12,231,225",40.5,-5,91,
United Kingdom,2020-02-02,1,828,281,"12,231,225",40.5,-6,84,0
United Kingdom,2020-02-03,4,828,281,"12,231,225",40.5,-5,83,0
United Kingdom,2020-02-04,3,828,281,"12,231,225",40.5,-3,91,0
United Kingdom,2020-02-05,-2,828,281,"12,231,225",40.5,-4,71,0
United Kingdom,2020-02-06,-3,828,281,"12,231,225",40.5,-9,93,0
United Kingdom,2020-02-07,2,828,281,"12,231,225",40.5,-8,93,1
United Kingdom,2020-02-08,-7,828,281,"12,231,225",40.5,-17,79,0
United Kingdom,2020-02-09,-2,828,281,"12,231,225",40.5,-21,89,0
United Kingdom,2020-02-10,3,828,281,"12,231,225",40.5,-6,98,1
United Kingdom,2020-02-11,2,828,281,"12,231,225",40.5,-7,96,4
United Kingdom,2020-02-12,0,828,281,"12,231,225",40.5,-7,82,0
United Kingdom,2020-02-13,2,828,281,"12,231,225",40.5,-3,96,1
United Kingdom,2020-02-14,-11,828,281,"12,231,225",40.5,-18,81,0
United Kingdom,2020-02-15,-5,828,281,"12,231,225",40.5,-20,82,0
United Kingdom,2020-02-16,2,828,281,"12,231,225",40.5,-11,85,0
United Kingdom,2020-02-17,-1,828,281,"12,231,225",40.5,-8,83,0
United Kingdom,2020-02-18,1,828,281,"12,231,225",40.5,-11,94,0
United Kingdom,2020-02-19,-2,828,281,"12,231,225",40.5,-12,79,0
United Kingdom,2020-02-20,-6,828,281,"12,231,225",40.5,-16,83,0
United Kingdom,2020-02-21,-4,828,281,"12,231,225",40.5,-19,85,0
United Kingdom,2020-02-22,0,828,281,"12,231,225",40.5,-11,85,0
United Kingdom,2020-02-23,5,828,281,"12,231,225",40.5,-8,89,0
United Kingdom,2020-02-24,7,828,281,"12,231,225",40.5,-5,90,0
United Kingdom,2020-02-25,6,828,281,"12,231,225",40.5,-2,95,4
United Kingdom,2020-02-26,3,828,281,"12,231,225",40.5,-2,98,0
United Kingdom,2020-02-27,6,828,281,"12,231,225",40.5,-7,85,0
United Kingdom,2020-02-28,-3,828,281,"12,231,225",40.5,-8,75,3
United Kingdom,2020-02-29,-6,828,281,"12,231,225",40.5,-12,77,4
United Kingdom,2020-03-01,-4,828,281,"12,231,225",40.5,-15,79,3
United Kingdom,2020-03-02,8,828,281,"12,231,225",40.5,-9,86,13
United Kingdom,2020-03-03,10,828,281,"12,231,225",40.5,1,92,3
United Kingdom,2020-03-04,5,828,281,"12,231,225",40.5,-1,77,12
United Kingdom,2020-03-05,5,828,281,"12,231,225",40.5,-3,76,38
United Kingdom,2020-03-06,5,828,281,"12,231,225",40.5,-4,87,29
United Kingdom,2020-03-07,1,828,281,"12,231,225",40.5,-7,71,49
United Kingdom,2020-03-08,7,828,281,"12,231,225",40.5,-7,69,43
United Kingdom,2020-03-09,13,828,281,"12,231,225",40.5,1,72,67
United Kingdom,2020-03-10,13,828,281,"12,231,225",40.5,5,87,46
United Kingdom,2020-03-11,6,828,281,"12,231,225",40.5,-2,70,50
United Kingdom,2020-03-12,9,828,281,"12,231,225",40.5,-3,76,87
United Kingdom,2020-03-13,11,828,281,"12,231,225",40.5,2,85,134
United Kingdom,2020-03-14,7,828,281,"12,231,225",40.5,-1,63,208
United Kingdom,2020-03-15,3,828,281,"12,231,225",40.5,-7,56,342
United Kingdom,2020-03-16,4,828,281,"12,231,225",40.5,-8,49,251
United Kingdom,2020-03-17,6,828,281,"12,231,225",40.5,-3,88,152
Netherlands,2020-01-22,7,"1,460",508,"3,307,699",42.6,3,94,
Netherlands,2020-01-23,8,"1,460",508,"3,307,699",42.6,4,91,
Netherlands,2020-01-24,6,"1,460",508,"3,307,699",42.6,2,84,
Netherlands,2020-01-25,8,"1,460",508,"3,307,699",42.6,1,75,
Netherlands,2020-01-26,7,"1,460",508,"3,307,699",42.6,1,90,
Netherlands,2020-01-27,9,"1,460",508,"3,307,699",42.6,7,89,
Netherlands,2020-01-28,6,"1,460",508,"3,307,699",42.6,-1,80,
Netherlands,2020-01-29,6,"1,460",508,"3,307,699",42.6,4,78,
Netherlands,2020-01-30,9,"1,460",508,"3,307,699",42.6,2,87,
Netherlands,2020-01-31,11,"1,460",508,"3,307,699",42.6,5,85,
Netherlands,2020-02-01,12,"1,460",508,"3,307,699",42.6,8,78,
Netherlands,2020-02-02,11,"1,460",508,"3,307,699",42.6,7,85,
Netherlands,2020-02-03,9,"1,460",508,"3,307,699",42.6,7,79,
Netherlands,2020-02-04,6,"1,460",508,"3,307,699",42.6,4,81,
Netherlands,2020-02-05,8,"1,460",508,"3,307,699",42.6,3,82,
Netherlands,2020-02-06,10,"1,460",508,"3,307,699",42.6,3,88,
Netherlands,2020-02-07,8,"1,460",508,"3,307,699",42.6,2,82,
Netherlands,2020-02-08,10,"1,460",508,"3,307,699",42.6,3,88,
Netherlands,2020-02-09,12,"1,460",508,"3,307,699",42.6,6,81,
Netherlands,2020-02-10,8,"1,460",508,"3,307,699",42.6,4,69,
Netherlands,2020-02-11,6,"1,460",508,"3,307,699",42.6,3,61,
Netherlands,2020-02-12,6,"1,460",508,"3,307,699",42.6,3,67,
Netherlands,2020-02-13,8,"1,460",508,"3,307,699",42.6,3,87,
Netherlands,2020-02-14,9,"1,460",508,"3,307,699",42.6,3,86,
Netherlands,2020-02-15,12,"1,460",508,"3,307,699",42.6,7,83,
Netherlands,2020-02-16,14,"1,460",508,"3,307,699",42.6,8,76,
Netherlands,2020-02-17,9,"1,460",508,"3,307,699",42.6,6,72,
Netherlands,2020-02-18,8,"1,460",508,"3,307,699",42.6,5,76,
Netherlands,2020-02-19,7,"1,460",508,"3,307,699",42.6,1,77,
Netherlands,2020-02-20,9,"1,460",508,"3,307,699",42.6,5,81,
Netherlands,2020-02-21,9,"1,460",508,"3,307,699",42.6,4,75,
Netherlands,2020-02-22,11,"1,460",508,"3,307,699",42.6,8,73,
Netherlands,2020-02-23,13,"1,460",508,"3,307,699",42.6,5,79,
Netherlands,2020-02-24,10,"1,460",508,"3,307,699",42.6,3,84,
Netherlands,2020-02-25,8,"1,460",508,"3,307,699",42.6,4,72,
Netherlands,2020-02-26,6,"1,460",508,"3,307,699",42.6,2,83,
Netherlands,2020-02-27,4,"1,460",508,"3,307,699",42.6,-2,87,
Netherlands,2020-02-28,6,"1,460",508,"3,307,699",42.6,2,83,
Netherlands,2020-02-29,11,"1,460",508,"3,307,699",42.6,5,78,1
Netherlands,2020-03-01,8,"1,460",508,"3,307,699",42.6,4,74,5
Netherlands,2020-03-02,7,"1,460",508,"3,307,699",42.6,3,89,6
Netherlands,2020-03-03,8,"1,460",508,"3,307,699",42.6,3,80,5
Netherlands,2020-03-04,9,"1,460",508,"3,307,699",42.6,4,80,10
Netherlands,2020-03-05,7,"1,460",508,"3,307,699",42.6,5,90,10
Netherlands,2020-03-06,7,"1,460",508,"3,307,699",42.6,5,85,44
Netherlands,2020-03-07,10,"1,460",508,"3,307,699",42.6,3,78,46
Netherlands,2020-03-08,9,"1,460",508,"3,307,699",42.6,7,84,60
Netherlands,2020-03-09,9,"1,460",508,"3,307,699",42.6,5,84,77
Netherlands,2020-03-10,12,"1,460",508,"3,307,699",42.6,5,90,56
Netherlands,2020-03-11,13,"1,460",508,"3,307,699",42.6,6,81,61
Netherlands,2020-03-12,9,"1,460",508,"3,307,699",42.6,5,69,121
Netherlands,2020-03-13,9,"1,460",508,"3,307,699",42.6,5,76,111
Netherlands,2020-03-14,10,"1,460",508,"3,307,699",42.6,3,83,190
Netherlands,2020-03-15,10,"1,460",508,"3,307,699",42.6,7,83,155
Netherlands,2020-03-16,13,"1,460",508,"3,307,699",42.6,7,76,176
Netherlands,2020-03-17,12,"1,460",508,"3,307,699",42.6,4,72,278
Norway,2020-01-22,2,553,15,"906,053",39.2,-3,73,
Norway,2020-01-23,3,553,15,"906,053",39.2,-5,78,
Norway,2020-01-24,2,553,15,"906,053",39.2,-5,84,
Norway,2020-01-25,0,553,15,"906,053",39.2,-8,77,
Norway,2020-01-26,1,553,15,"906,053",39.2,-5,94,
Norway,2020-01-27,3,553,15,"906,053",39.2,-5,96,
Norway,2020-01-28,2,553,15,"906,053",39.2,-3,97,
Norway,2020-01-29,1,553,15,"906,053",39.2,-7,98,
Norway,2020-01-30,-1,553,15,"906,053",39.2,-7,90,
Norway,2020-01-31,0,553,15,"906,053",39.2,-1,98,
Norway,2020-02-01,5,553,15,"906,053",39.2,-3,91,
Norway,2020-02-02,3,553,15,"906,053",39.2,-3,74,
Norway,2020-02-03,-3,553,15,"906,053",39.2,-10,69,
Norway,2020-02-04,-2,553,15,"906,053",39.2,-6,83,
Norway,2020-02-05,0,553,15,"906,053",39.2,-7,67,
Norway,2020-02-06,4,553,15,"906,053",39.2,-3,80,
Norway,2020-02-07,1,553,15,"906,053",39.2,-6,95,
Norway,2020-02-08,1,553,15,"906,053",39.2,-7,94,
Norway,2020-02-09,3,553,15,"906,053",39.2,-5,92,
Norway,2020-02-10,5,553,15,"906,053",39.2,1,67,
Norway,2020-02-11,3,553,15,"906,053",39.2,-3,76,
Norway,2020-02-12,2,553,15,"906,053",39.2,-1,66,
Norway,2020-02-13,2,553,15,"906,053",39.2,-6,55,
Norway,2020-02-14,0,553,15,"906,053",39.2,-4,68,
Norway,2020-02-15,4,553,15,"906,053",39.2,0,94,
Norway,2020-02-16,7,553,15,"906,053",39.2,2,80,
Norway,2020-02-17,6,553,15,"906,053",39.2,2,72,
Norway,2020-02-18,5,553,15,"906,053",39.2,1,72,
Norway,2020-02-19,5,553,15,"906,053",39.2,-1,68,
Norway,2020-02-20,4,553,15,"906,053",39.2,-4,91,
Norway,2020-02-21,5,553,15,"906,053",39.2,-6,73,
Norway,2020-02-22,6,553,15,"906,053",39.2,-2,67,
Norway,2020-02-23,5,553,15,"906,053",39.2,1,60,
Norway,2020-02-24,3,553,15,"906,053",39.2,0,58,
Norway,2020-02-25,-1,553,15,"906,053",39.2,-3,66,
Norway,2020-02-26,-4,553,15,"906,053",39.2,-6,53,
Norway,2020-02-27,-2,553,15,"906,053",39.2,-6,63,
Norway,2020-02-28,1,553,15,"906,053",39.2,-5,74,3
Norway,2020-02-29,-2,553,15,"906,053",39.2,-10,83,2
Norway,2020-03-01,0,553,15,"906,053",39.2,-3,95,9
Norway,2020-03-02,4,553,15,"906,053",39.2,0,90,4
Norway,2020-03-03,1,553,15,"906,053",39.2,-1,97,6
Norway,2020-03-04,-1,553,15,"906,053",39.2,-8,97,7
Norway,2020-03-05,2,553,15,"906,053",39.2,-6,90,24
Norway,2020-03-06,0,553,15,"906,053",39.2,-7,89,30
Norway,2020-03-07,1,553,15,"906,053",39.2,-7,88,27
Norway,2020-03-08,4,553,15,"906,053",39.2,-2,95,34
Norway,2020-03-09,5,553,15,"906,053",39.2,-1,92,22
Norway,2020-03-10,1,553,15,"906,053",39.2,-7,98,23
Norway,2020-03-11,6,553,15,"906,053",39.2,0,81,85
Norway,2020-03-12,3,553,15,"906,053",39.2,-2,78,212
Norway,2020-03-13,0,553,15,"906,053",39.2,-4,59,0
Norway,2020-03-14,1,553,15,"906,053",39.2,-7,67,261
Norway,2020-03-15,4,553,15,"906,053",39.2,-4,94,157
Norway,2020-03-16,4,553,15,"906,053",39.2,-2,74,170
Norway,2020-03-17,8,553,15,"906,053",39.2,0,74,92
Austria,2020-01-22,3,"1,927",109,"1,681,076",44,-2,72,
Austria,2020-01-23,4,"1,927",109,"1,681,076",44,-1,74,
Austria,2020-01-24,4,"1,927",109,"1,681,076",44,-2,79,
Austria,2020-01-25,3,"1,927",109,"1,681,076",44,-1,80,
Austria,2020-01-26,2,"1,927",109,"1,681,076",44,-1,79,
Austria,2020-01-27,5,"1,927",109,"1,681,076",44,-1,79,
Austria,2020-01-28,4,"1,927",109,"1,681,076",44,-2,83,
Austria,2020-01-29,5,"1,927",109,"1,681,076",44,2,71,
Austria,2020-01-30,7,"1,927",109,"1,681,076",44,2,69,
Austria,2020-01-31,12,"1,927",109,"1,681,076",44,3,72,
Austria,2020-02-01,14,"1,927",109,"1,681,076",44,6,77,
Austria,2020-02-02,12,"1,927",109,"1,681,076",44,6,71,
Austria,2020-02-03,9,"1,927",109,"1,681,076",44,8,76,
Austria,2020-02-04,8,"1,927",109,"1,681,076",44,4,65,
Austria,2020-02-05,5,"1,927",109,"1,681,076",44,1,61,
Austria,2020-02-06,6,"1,927",109,"1,681,076",44,1,59,
Austria,2020-02-07,7,"1,927",109,"1,681,076",44,1,71,
Austria,2020-02-08,6,"1,927",109,"1,681,076",44,1,77,
Austria,2020-02-09,6,"1,927",109,"1,681,076",44,-1,81,
Austria,2020-02-10,11,"1,927",109,"1,681,076",44,2,62,
Austria,2020-02-11,8,"1,927",109,"1,681,076",44,4,63,
Austria,2020-02-12,7,"1,927",109,"1,681,076",44,2,61,
Austria,2020-02-13,8,"1,927",109,"1,681,076",44,2,67,
Austria,2020-02-14,9,"1,927",109,"1,681,076",44,5,72,
Austria,2020-02-15,9,"1,927",109,"1,681,076",44,3,73,
Austria,2020-02-16,10,"1,927",109,"1,681,076",44,4,74,
Austria,2020-02-17,11,"1,927",109,"1,681,076",44,5,75,
Austria,2020-02-18,11,"1,927",109,"1,681,076",44,7,59,
Austria,2020-02-19,10,"1,927",109,"1,681,076",44,5,60,
Austria,2020-02-20,8,"1,927",109,"1,681,076",44,3,62,
Austria,2020-02-21,7,"1,927",109,"1,681,076",44,4,57,
Austria,2020-02-22,12,"1,927",109,"1,681,076",44,3,52,
Austria,2020-02-23,13,"1,927",109,"1,681,076",44,7,63,
Austria,2020-02-24,9,"1,927",109,"1,681,076",44,4,51,
Austria,2020-02-25,14,"1,927",109,"1,681,076",44,7,61,
Austria,2020-02-26,8,"1,927",109,"1,681,076",44,4,55,
Austria,2020-02-27,8,"1,927",109,"1,681,076",44,3,50,0
Austria,2020-02-28,7,"1,927",109,"1,681,076",44,3,56,2
Austria,2020-02-29,9,"1,927",109,"1,681,076",44,3,50,1
Austria,2020-03-01,7,"1,927",109,"1,681,076",44,2,78,5
Austria,2020-03-02,12,"1,927",109,"1,681,076",44,6,62,0
Austria,2020-03-03,8,"1,927",109,"1,681,076",44,5,74,8
Austria,2020-03-04,10,"1,927",109,"1,681,076",44,4,59,6
Austria,2020-03-05,11,"1,927",109,"1,681,076",44,4,55,13
Austria,2020-03-06,11,"1,927",109,"1,681,076",44,5,72,10
Austria,2020-03-07,9,"1,927",109,"1,681,076",44,5,63,19
Austria,2020-03-08,10,"1,927",109,"1,681,076",44,3,60,38
Austria,2020-03-09,10,"1,927",109,"1,681,076",44,3,66,8
Austria,2020-03-10,11,"1,927",109,"1,681,076",44,5,61,19
Austria,2020-03-11,16,"1,927",109,"1,681,076",44,10,68,51
Austria,2020-03-12,18,"1,927",109,"1,681,076",44,11,65,120
Austria,2020-03-13,13,"1,927",109,"1,681,076",44,8,54,59
Austria,2020-03-14,10,"1,927",109,"1,681,076",44,4,53,143
Austria,2020-03-15,9,"1,927",109,"1,681,076",44,3,41,296
Austria,2020-03-16,11,"1,927",109,"1,681,076",44,4,47,159
Austria,2020-03-17,15,"1,927",109,"1,681,076",44,6,62,173
Belgium,2020-01-22,5,"2,441",383,"2,146,063",41.4,2,82,
Belgium,2020-01-23,8,"2,441",383,"2,146,063",41.4,1,86,
Belgium,2020-01-24,6,"2,441",383,"2,146,063",41.4,-2,76,
Belgium,2020-01-25,6,"2,441",383,"2,146,063",41.4,1,78,
Belgium,2020-01-26,8,"2,441",383,"2,146,063",41.4,2,86,
Belgium,2020-01-27,9,"2,441",383,"2,146,063",41.4,6,86,
Belgium,2020-01-28,6,"2,441",383,"2,146,063",41.4,4,71,
Belgium,2020-01-29,6,"2,441",383,"2,146,063",41.4,2,77,
Belgium,2020-01-30,9,"2,441",383,"2,146,063",41.4,2,89,
Belgium,2020-01-31,12,"2,441",383,"2,146,063",41.4,10,85,
Belgium,2020-02-01,12,"2,441",383,"2,146,063",41.4,8,83,
Belgium,2020-02-02,13,"2,441",383,"2,146,063",41.4,7,86,
Belgium,2020-02-03,11,"2,441",383,"2,146,063",41.4,8,80,
Belgium,2020-02-04,7,"2,441",383,"2,146,063",41.4,-3,77,
Belgium,2020-02-05,9,"2,441",383,"2,146,063",41.4,3,84,
Belgium,2020-02-06,11,"2,441",383,"2,146,063",41.4,3,78,0
Belgium,2020-02-07,11,"2,441",383,"2,146,063",41.4,3,70,0
Belgium,2020-02-08,10,"2,441",383,"2,146,063",41.4,5,86,0
Belgium,2020-02-09,12,"2,441",383,"2,146,063",41.4,5,78,0
Belgium,2020-02-10,9,"2,441",383,"2,146,063",41.4,-2,71,0
Belgium,2020-02-11,7,"2,441",383,"2,146,063",41.4,3,58,0
Belgium,2020-02-12,7,"2,441",383,"2,146,063",41.4,3,68,0
Belgium,2020-02-13,9,"2,441",383,"2,146,063",41.4,4,79,0
Belgium,2020-02-14,10,"2,441",383,"2,146,063",41.4,5,82,0
Belgium,2020-02-15,12,"2,441",383,"2,146,063",41.4,7,80,0
Belgium,2020-02-16,15,"2,441",383,"2,146,063",41.4,8,73,0
Belgium,2020-02-17,10,"2,441",383,"2,146,063",41.4,6,71,0
Belgium,2020-02-18,8,"2,441",383,"2,146,063",41.4,5,78,0
Belgium,2020-02-19,7,"2,441",383,"2,146,063",41.4,2,77,0
Belgium,2020-02-20,9,"2,441",383,"2,146,063",41.4,5,79,0
Belgium,2020-02-21,8,"2,441",383,"2,146,063",41.4,3,76,0
Belgium,2020-02-22,11,"2,441",383,"2,146,063",41.4,5,78,0
Belgium,2020-02-23,13,"2,441",383,"2,146,063",41.4,7,80,0
Belgium,2020-02-24,11,"2,441",383,"2,146,063",41.4,6,82,0
Belgium,2020-02-25,9,"2,441",383,"2,146,063",41.4,4,73,0
Belgium,2020-02-26,5,"2,441",383,"2,146,063",41.4,1,77,0
Belgium,2020-02-27,2,"2,441",383,"2,146,063",41.4,-5,88,0
Belgium,2020-02-28,6,"2,441",383,"2,146,063",41.4,1,82,0
Belgium,2020-02-29,10,"2,441",383,"2,146,063",41.4,5,79,0
Belgium,2020-03-01,9,"2,441",383,"2,146,063",41.4,5,74,0
Belgium,2020-03-02,7,"2,441",383,"2,146,063",41.4,4,87,0
Belgium,2020-03-03,8,"2,441",383,"2,146,063",41.4,1,80,7
Belgium,2020-03-04,9,"2,441",383,"2,146,063",41.4,2,81,0
Belgium,2020-03-05,8,"2,441",383,"2,146,063",41.4,5,92,15
Belgium,2020-03-06,8,"2,441",383,"2,146,063",41.4,4,86,27
Belgium,2020-03-07,10,"2,441",383,"2,146,063",41.4,2,80,59
Belgium,2020-03-08,9,"2,441",383,"2,146,063",41.4,6,83,60
Belgium,2020-03-09,10,"2,441",383,"2,146,063",41.4,5,79,31
Belgium,2020-03-10,13,"2,441",383,"2,146,063",41.4,7,90,39
Belgium,2020-03-11,14,"2,441",383,"2,146,063",41.4,9,84,28
Belgium,2020-03-12,10,"2,441",383,"2,146,063",41.4,6,68,47
Belgium,2020-03-13,9,"2,441",383,"2,146,063",41.4,5,72,0
Belgium,2020-03-14,10,"2,441",383,"2,146,063",41.4,5,80,285
Belgium,2020-03-15,12,"2,441",383,"2,146,063",41.4,7,83,90
Belgium,2020-03-16,14,"2,441",383,"2,146,063",41.4,7,76,396
Belgium,2020-03-17,13,"2,441",383,"2,146,063",41.4,5,63,0
Sweden,2020-01-22,4,716,25,"2,046,362",41.2,-6,59,
Sweden,2020-01-23,3,716,25,"2,046,362",41.2,-4,74,
Sweden,2020-01-24,6,716,25,"2,046,362",41.2,3,78,
Sweden,2020-01-25,3,716,25,"2,046,362",41.2,-1,79,
Sweden,2020-01-26,7,716,25,"2,046,362",41.2,4,82,
Sweden,2020-01-27,5,716,25,"2,046,362",41.2,2,90,
Sweden,2020-01-28,4,716,25,"2,046,362",41.2,3,94,
Sweden,2020-01-29,4,716,25,"2,046,362",41.2,2,94,
Sweden,2020-01-30,4,716,25,"2,046,362",41.2,-4,91,
Sweden,2020-01-31,3,716,25,"2,046,362",41.2,-2,89,
Sweden,2020-02-01,8,716,25,"2,046,362",41.2,2,88,
Sweden,2020-02-02,5,716,25,"2,046,362",41.2,2,70,0
Sweden,2020-02-03,2,716,25,"2,046,362",41.2,-1,72,0
Sweden,2020-02-04,1,716,25,"2,046,362",41.2,-5,68,0
Sweden,2020-02-05,3,716,25,"2,046,362",41.2,-3,63,0
Sweden,2020-02-06,1,716,25,"2,046,362",41.2,-2,76,0
Sweden,2020-02-07,2,716,25,"2,046,362",41.2,-2,78,0
Sweden,2020-02-08,3,716,25,"2,046,362",41.2,-5,90,0
Sweden,2020-02-09,6,716,25,"2,046,362",41.2,1,84,0
Sweden,2020-02-10,7,716,25,"2,046,362",41.2,1,73,0
Sweden,2020-02-11,4,716,25,"2,046,362",41.2,2,74,0
Sweden,2020-02-12,4,716,25,"2,046,362",41.2,1,77,0
Sweden,2020-02-13,3,716,25,"2,046,362",41.2,0,68,0
Sweden,2020-02-14,3,716,25,"2,046,362",41.2,-1,75,0
Sweden,2020-02-15,5,716,25,"2,046,362",41.2,1,87,0
Sweden,2020-02-16,10,716,25,"2,046,362",41.2,5,86,0
Sweden,2020-02-17,7,716,25,"2,046,362",41.2,2,69,0
Sweden,2020-02-18,7,716,25,"2,046,362",41.2,4,69,0
Sweden,2020-02-19,5,716,25,"2,046,362",41.2,1,78,0
Sweden,2020-02-20,4,716,25,"2,046,362",41.2,-1,84,0
Sweden,2020-02-21,6,716,25,"2,046,362",41.2,1,71,0
Sweden,2020-02-22,8,716,25,"2,046,362",41.2,4,70,0
Sweden,2020-02-23,7,716,25,"2,046,362",41.2,2,62,0
Sweden,2020-02-24,5,716,25,"2,046,362",41.2,0,61,0
Sweden,2020-02-25,3,716,25,"2,046,362",41.2,0,71,0
Sweden,2020-02-26,1,716,25,"2,046,362",41.2,-6,63,0
Sweden,2020-02-27,0,716,25,"2,046,362",41.2,-3,85,1
Sweden,2020-02-28,0,716,25,"2,046,362",41.2,-4,72,5
Sweden,2020-02-29,3,716,25,"2,046,362",41.2,-3,90,5
Sweden,2020-03-01,5,716,25,"2,046,362",41.2,2,86,1
Sweden,2020-03-02,5,716,25,"2,046,362",41.2,-1,85,1
Sweden,2020-03-03,5,716,25,"2,046,362",41.2,0,91,1
Sweden,2020-03-04,4,716,25,"2,046,362",41.2,2,94,9
Sweden,2020-03-05,4,716,25,"2,046,362",41.2,0,85,11
Sweden,2020-03-06,6,716,25,"2,046,362",41.2,0,81,26
Sweden,2020-03-07,5,716,25,"2,046,362",41.2,1,85,76
Sweden,2020-03-08,6,716,25,"2,046,362",41.2,1,83,24
Sweden,2020-03-09,9,716,25,"2,046,362",41.2,5,84,42
Sweden,2020-03-10,7,716,25,"2,046,362",41.2,4,87,45
Sweden,2020-03-11,7,716,25,"2,046,362",41.2,4,83,78
Sweden,2020-03-12,6,716,25,"2,046,362",41.2,-4,81,135
Sweden,2020-03-13,2,716,25,"2,046,362",41.2,-2,58,159
Sweden,2020-03-14,1,716,25,"2,046,362",41.2,-4,41,155
Sweden,2020-03-15,6,716,25,"2,046,362",41.2,-1,64,149
Sweden,2020-03-16,5,716,25,"2,046,362",41.2,1,69,68
Sweden,2020-03-17,8,716,25,"2,046,362",41.2,0,75,67
Denmark,2020-01-22,6,"1,298",137,"1,148,645",42.2,1,75,
Denmark,2020-01-23,6,"1,298",137,"1,148,645",42.2,0,87,
Denmark,2020-01-24,7,"1,298",137,"1,148,645",42.2,6,89,
Denmark,2020-01-25,6,"1,298",137,"1,148,645",42.2,5,88,
Denmark,2020-01-26,4,"1,298",137,"1,148,645",42.2,0,88,
Denmark,2020-01-27,6,"1,298",137,"1,148,645",42.2,4,92,
Denmark,2020-01-28,6,"1,298",137,"1,148,645",42.2,5,92,
Denmark,2020-01-29,5,"1,298",137,"1,148,645",42.2,4,84,
Denmark,2020-01-30,7,"1,298",137,"1,148,645",42.2,4,89,
Denmark,2020-01-31,8,"1,298",137,"1,148,645",42.2,-1,88,
Denmark,2020-02-01,8,"1,298",137,"1,148,645",42.2,7,86,
Denmark,2020-02-02,6,"1,298",137,"1,148,645",42.2,4,76,
Denmark,2020-02-03,5,"1,298",137,"1,148,645",42.2,-1,86,
Denmark,2020-02-04,5,"1,298",137,"1,148,645",42.2,-2,82,
Denmark,2020-02-05,5,"1,298",137,"1,148,645",42.2,1,74,
Denmark,2020-02-06,7,"1,298",137,"1,148,645",42.2,5,86,
Denmark,2020-02-07,5,"1,298",137,"1,148,645",42.2,1,90,
Denmark,2020-02-08,5,"1,298",137,"1,148,645",42.2,1,83,
Denmark,2020-02-09,7,"1,298",137,"1,148,645",42.2,0,87,
Denmark,2020-02-10,7,"1,298",137,"1,148,645",42.2,4,76,
Denmark,2020-02-11,6,"1,298",137,"1,148,645",42.2,4,77,
Denmark,2020-02-12,6,"1,298",137,"1,148,645",42.2,3,79,
Denmark,2020-02-13,5,"1,298",137,"1,148,645",42.2,0,80,
Denmark,2020-02-14,6,"1,298",137,"1,148,645",42.2,3,82,
Denmark,2020-02-15,6,"1,298",137,"1,148,645",42.2,0,88,
Denmark,2020-02-16,10,"1,298",137,"1,148,645",42.2,4,85,
Denmark,2020-02-17,7,"1,298",137,"1,148,645",42.2,5,76,
Denmark,2020-02-18,6,"1,298",137,"1,148,645",42.2,5,80,
Denmark,2020-02-19,5,"1,298",137,"1,148,645",42.2,4,85,
Denmark,2020-02-20,6,"1,298",137,"1,148,645",42.2,-2,87,
Denmark,2020-02-21,7,"1,298",137,"1,148,645",42.2,4,78,
Denmark,2020-02-22,7,"1,298",137,"1,148,645",42.2,5,79,
Denmark,2020-02-23,6,"1,298",137,"1,148,645",42.2,-4,74,
Denmark,2020-02-24,5,"1,298",137,"1,148,645",42.2,4,78,
Denmark,2020-02-25,5,"1,298",137,"1,148,645",42.2,3,82,
Denmark,2020-02-26,2,"1,298",137,"1,148,645",42.2,0,86,
Denmark,2020-02-27,5,"1,298",137,"1,148,645",42.2,1,75,
Denmark,2020-02-28,6,"1,298",137,"1,148,645",42.2,2,79,0
Denmark,2020-02-29,6,"1,298",137,"1,148,645",42.2,-1,89,1
Denmark,2020-03-01,6,"1,298",137,"1,148,645",42.2,5,78,1
Denmark,2020-03-02,6,"1,298",137,"1,148,645",42.2,4,86,1
Denmark,2020-03-03,6,"1,298",137,"1,148,645",42.2,4,89,1
Denmark,2020-03-04,6,"1,298",137,"1,148,645",42.2,4,82,3
Denmark,2020-03-05,5,"1,298",137,"1,148,645",42.2,3,87,2
Denmark,2020-03-06,6,"1,298",137,"1,148,645",42.2,0,83,8
Denmark,2020-03-07,6,"1,298",137,"1,148,645",42.2,3,85,5
Denmark,2020-03-08,7,"1,298",137,"1,148,645",42.2,4,85,8
Denmark,2020-03-09,8,"1,298",137,"1,148,645",42.2,6,90,5
Denmark,2020-03-10,7,"1,298",137,"1,148,645",42.2,1,90,54
Denmark,2020-03-11,8,"1,298",137,"1,148,645",42.2,6,75,172
Denmark,2020-03-12,7,"1,298",137,"1,148,645",42.2,5,76,353
Denmark,2020-03-13,6,"1,298",137,"1,148,645",42.2,3,77,59
Denmark,2020-03-14,4,"1,298",137,"1,148,645",42.2,0,55,127
Denmark,2020-03-15,8,"1,298",137,"1,148,645",42.2,4,73,26
Denmark,2020-03-16,9,"1,298",137,"1,148,645",42.2,1,82,71
Denmark,2020-03-17,8,"1,298",137,"1,148,645",42.2,5,83,62
Japan,2020-01-22,3,"1,583",347,"34,892,133",47.3,-4,70,0
Japan,2020-01-23,2,"1,583",347,"34,892,133",47.3,-5,96,0
Japan,2020-01-24,2,"1,583",347,"34,892,133",47.3,-1,97,0
Japan,2020-01-25,2,"1,583",347,"34,892,133",47.3,-2,88,2
Japan,2020-01-26,8,"1,583",347,"34,892,133",47.3,-2,86,0
Japan,2020-01-27,8,"1,583",347,"34,892,133",47.3,-1,87,1
Japan,2020-01-28,2,"1,583",347,"34,892,133",47.3,0,83,2
Japan,2020-01-29,1,"1,583",347,"34,892,133",47.3,-3,94,1
Japan,2020-01-30,2,"1,583",347,"34,892,133",47.3,-4,90,4
Japan,2020-01-31,6,"1,583",347,"34,892,133",47.3,0,91,3
Japan,2020-02-01,7,"1,583",347,"34,892,133",47.3,-1,83,3
Japan,2020-02-02,17,"1,583",347,"34,892,133",47.3,5,72,3
Japan,2020-02-03,16,"1,583",347,"34,892,133",47.3,9,72,0
Japan,2020-02-04,6,"1,583",347,"34,892,133",47.3,1,88,0
Japan,2020-02-05,0,"1,583",347,"34,892,133",47.3,-3,92,3
Japan,2020-02-06,-1,"1,583",347,"34,892,133",47.3,-4,91,2
Japan,2020-02-07,4,"1,583",347,"34,892,133",47.3,-7,83,0
Japan,2020-02-08,2,"1,583",347,"34,892,133",47.3,-6,79,0
Japan,2020-02-09,11,"1,583",347,"34,892,133",47.3,0,84,1
Japan,2020-02-10,4,"1,583",347,"34,892,133",47.3,-1,83,0
Japan,2020-02-11,6,"1,583",347,"34,892,133",47.3,-2,79,0
Japan,2020-02-12,1,"1,583",347,"34,892,133",47.3,-5,91,2
Japan,2020-02-13,-7,"1,583",347,"34,892,133",47.3,-12,83,1
Japan,2020-02-14,-1,"1,583",347,"34,892,133",47.3,-14,45,4
Japan,2020-02-15,9,"1,583",347,"34,892,133",47.3,-5,52,8
Japan,2020-02-16,11,"1,583",347,"34,892,133",47.3,-1,80,12
Japan,2020-02-17,11,"1,583",347,"34,892,133",47.3,6,89,6
Japan,2020-02-18,5,"1,583",347,"34,892,133",47.3,-1,79,6
Japan,2020-02-19,6,"1,583",347,"34,892,133",47.3,-3,69,8
Japan,2020-02-20,1,"1,583",347,"34,892,133",47.3,-6,57,12
Japan,2020-02-21,6,"1,583",347,"34,892,133",47.3,-6,42,8
Japan,2020-02-22,10,"1,583",347,"34,892,133",47.3,-4,54,12
Japan,2020-02-23,14,"1,583",347,"34,892,133",47.3,3,74,27
Japan,2020-02-24,13,"1,583",347,"34,892,133",47.3,6,93,12
Japan,2020-02-25,6,"1,583",347,"34,892,133",47.3,5,94,13
Japan,2020-02-26,0,"1,583",347,"34,892,133",47.3,-2,86,7
Japan,2020-02-27,8,"1,583",347,"34,892,133",47.3,-4,63,22
Japan,2020-02-28,6,"1,583",347,"34,892,133",47.3,-3,79,24
Japan,2020-02-29,12,"1,583",347,"34,892,133",47.3,-2,72,20
Japan,2020-03-01,14,"1,583",347,"34,892,133",47.3,7,81,9
Japan,2020-03-02,12,"1,583",347,"34,892,133",47.3,6,82,15
Japan,2020-03-03,14,"1,583",347,"34,892,133",47.3,3,68,14
Japan,2020-03-04,13,"1,583",347,"34,892,133",47.3,6,66,16
Japan,2020-03-05,13,"1,583",347,"34,892,133",47.3,4,63,33
Japan,2020-03-06,9,"1,583",347,"34,892,133",47.3,0,59,32
Japan,2020-03-07,14,"1,583",347,"34,892,133",47.3,0,59,59
Japan,2020-03-08,17,"1,583",347,"34,892,133",47.3,6,57,47
Japan,2020-03-09,14,"1,583",347,"34,892,133",47.3,7,81,33
Japan,2020-03-10,13,"1,583",347,"34,892,133",47.3,4,78,26
Japan,2020-03-11,19,"1,583",347,"34,892,133",47.3,6,80,54
Japan,2020-03-12,18,"1,583",347,"34,892,133",47.3,10,90,52
Japan,2020-03-13,11,"1,583",347,"34,892,133",47.3,4,61,55
Japan,2020-03-14,4,"1,583",347,"34,892,133",47.3,-6,84,41
Japan,2020-03-15,6,"1,583",347,"34,892,133",47.3,1,83,64
Japan,2020-03-16,6,"1,583",347,"34,892,133",47.3,2,88,34
Japan,2020-03-17,13,"1,583",347,"34,892,133",47.3,4,79,15
Malaysia,2020-01-22,34,441,99,"2,103,510",28.5,24,70,
Malaysia,2020-01-23,34,441,99,"2,103,510",28.5,24,72,
Malaysia,2020-01-24,34,441,99,"2,103,510",28.5,23,72,
Malaysia,2020-01-25,34,441,99,"2,103,510",28.5,23,70,
Malaysia,2020-01-26,33,441,99,"2,103,510",28.5,24,74,
Malaysia,2020-01-27,30,441,99,"2,103,510",28.5,25,81,1
Malaysia,2020-01-28,32,441,99,"2,103,510",28.5,24,81,0
Malaysia,2020-01-29,28,441,99,"2,103,510",28.5,24,90,0
Malaysia,2020-01-30,32,441,99,"2,103,510",28.5,22,81,3
Malaysia,2020-01-31,32,441,99,"2,103,510",28.5,23,75,1
Malaysia,2020-02-01,34,441,99,"2,103,510",28.5,23,75,0
Malaysia,2020-02-02,34,441,99,"2,103,510",28.5,23,70,0
Malaysia,2020-02-03,35,441,99,"2,103,510",28.5,22,67,0
Malaysia,2020-02-04,33,441,99,"2,103,510",28.5,23,71,2
Malaysia,2020-02-05,33,441,99,"2,103,510",28.5,22,71,0
Malaysia,2020-02-06,34,441,99,"2,103,510",28.5,23,72,2
Malaysia,2020-02-07,31,441,99,"2,103,510",28.5,23,78,2
Malaysia,2020-02-08,35,441,99,"2,103,510",28.5,22,66,1
Malaysia,2020-02-09,32,441,99,"2,103,510",28.5,23,73,2
Malaysia,2020-02-10,30,441,99,"2,103,510",28.5,23,79,1
Malaysia,2020-02-11,34,441,99,"2,103,510",28.5,24,75,0
Malaysia,2020-02-12,35,441,99,"2,103,510",28.5,23,75,0
Malaysia,2020-02-13,35,441,99,"2,103,510",28.5,23,77,0
Malaysia,2020-02-14,33,441,99,"2,103,510",28.5,24,79,1
Malaysia,2020-02-15,31,441,99,"2,103,510",28.5,24,81,2
Malaysia,2020-02-16,32,441,99,"2,103,510",28.5,23,79,1
Malaysia,2020-02-17,35,441,99,"2,103,510",28.5,23,72,0
Malaysia,2020-02-18,31,441,99,"2,103,510",28.5,24,76,0
Malaysia,2020-02-19,34,441,99,"2,103,510",28.5,23,68,0
Malaysia,2020-02-20,34,441,99,"2,103,510",28.5,23,70,0
Malaysia,2020-02-21,33,441,99,"2,103,510",28.5,23,69,0
Malaysia,2020-02-22,33,441,99,"2,103,510",28.5,23,68,0
Malaysia,2020-02-23,33,441,99,"2,103,510",28.5,23,68,0
Malaysia,2020-02-24,35,441,99,"2,103,510",28.5,23,71,0
Malaysia,2020-02-25,36,441,99,"2,103,510",28.5,23,67,0
Malaysia,2020-02-26,37,441,99,"2,103,510",28.5,24,64,0
Malaysia,2020-02-27,36,441,99,"2,103,510",28.5,24,66,0
Malaysia,2020-02-28,37,441,99,"2,103,510",28.5,24,64,2
Malaysia,2020-02-29,36,441,99,"2,103,510",28.5,24,63,0
Malaysia,2020-03-01,36,441,99,"2,103,510",28.5,24,69,0
Malaysia,2020-03-02,38,441,99,"2,103,510",28.5,24,65,0
Malaysia,2020-03-03,34,441,99,"2,103,510",28.5,23,71,5
Malaysia,2020-03-04,33,441,99,"2,103,510",28.5,23,74,21
Malaysia,2020-03-05,34,441,99,"2,103,510",28.5,24,75,0
Malaysia,2020-03-06,35,441,99,"2,103,510",28.5,24,76,5
Malaysia,2020-03-07,35,441,99,"2,103,510",28.5,23,75,28
Malaysia,2020-03-08,33,441,99,"2,103,510",28.5,24,76,10
Malaysia,2020-03-09,35,441,99,"2,103,510",28.5,24,75,0
Malaysia,2020-03-10,35,441,99,"2,103,510",28.5,25,75,24
Malaysia,2020-03-11,35,441,99,"2,103,510",28.5,24,74,12
Malaysia,2020-03-12,36,441,99,"2,103,510",28.5,24,73,0
Malaysia,2020-03-13,33,441,99,"2,103,510",28.5,24,75,0
Malaysia,2020-03-14,36,441,99,"2,103,510",28.5,25,72,68
Malaysia,2020-03-15,35,441,99,"2,103,510",28.5,24,71,41
Malaysia,2020-03-16,36,441,99,"2,103,510",28.5,23,64,315
Malaysia,2020-03-17,37,441,99,"2,103,510",28.5,24,64,0
Qatar,2020-01-22,21,"1,020",248,"38,111",33.2,16,61,
Qatar,2020-01-23,18,"1,020",248,"38,111",33.2,15,72,
Qatar,2020-01-24,19,"1,020",248,"38,111",33.2,15,56,
Qatar,2020-01-25,21,"1,020",248,"38,111",33.2,14,48,
Qatar,2020-01-26,16,"1,020",248,"38,111",33.2,11,54,
Qatar,2020-01-27,17,"1,020",248,"38,111",33.2,14,62,
Qatar,2020-01-28,20,"1,020",248,"38,111",33.2,14,63,
Qatar,2020-01-29,19,"1,020",248,"38,111",33.2,14,60,
Qatar,2020-01-30,21,"1,020",248,"38,111",33.2,16,50,
Qatar,2020-01-31,20,"1,020",248,"38,111",33.2,14,51,
Qatar,2020-02-01,21,"1,020",248,"38,111",33.2,15,56,
Qatar,2020-02-02,21,"1,020",248,"38,111",33.2,16,61,
Qatar,2020-02-03,20,"1,020",248,"38,111",33.2,15,53,
Qatar,2020-02-04,20,"1,020",248,"38,111",33.2,14,57,
Qatar,2020-02-05,22,"1,020",248,"38,111",33.2,15,59,
Qatar,2020-02-06,23,"1,020",248,"38,111",33.2,17,48,
Qatar,2020-02-07,24,"1,020",248,"38,111",33.2,18,46,
Qatar,2020-02-08,25,"1,020",248,"38,111",33.2,20,55,
Qatar,2020-02-09,26,"1,020",248,"38,111",33.2,20,58,
Qatar,2020-02-10,20,"1,020",248,"38,111",33.2,18,59,
Qatar,2020-02-11,18,"1,020",248,"38,111",33.2,14,57,
Qatar,2020-02-12,15,"1,020",248,"38,111",33.2,11,56,
Qatar,2020-02-13,18,"1,020",248,"38,111",33.2,11,63,
Qatar,2020-02-14,21,"1,020",248,"38,111",33.2,13,63,
Qatar,2020-02-15,23,"1,020",248,"38,111",33.2,15,57,
Qatar,2020-02-16,22,"1,020",248,"38,111",33.2,16,66,
Qatar,2020-02-17,23,"1,020",248,"38,111",33.2,17,63,
Qatar,2020-02-18,25,"1,020",248,"38,111",33.2,20,49,
Qatar,2020-02-19,25,"1,020",248,"38,111",33.2,20,46,
Qatar,2020-02-20,27,"1,020",248,"38,111",33.2,21,49,
Qatar,2020-02-21,23,"1,020",248,"38,111",33.2,18,58,
Qatar,2020-02-22,23,"1,020",248,"38,111",33.2,17,62,
Qatar,2020-02-23,24,"1,020",248,"38,111",33.2,19,75,
Qatar,2020-02-24,26,"1,020",248,"38,111",33.2,21,63,
Qatar,2020-02-25,26,"1,020",248,"38,111",33.2,22,61,
Qatar,2020-02-26,24,"1,020",248,"38,111",33.2,19,50,
Qatar,2020-02-27,22,"1,020",248,"38,111",33.2,16,51,
Qatar,2020-02-28,23,"1,020",248,"38,111",33.2,16,59,
Qatar,2020-02-29,24,"1,020",248,"38,111",33.2,15,58,
Qatar,2020-03-01,24,"1,020",248,"38,111",33.2,18,56,
Qatar,2020-03-02,24,"1,020",248,"38,111",33.2,18,56,2
Qatar,2020-03-03,23,"1,020",248,"38,111",33.2,17,53,4
Qatar,2020-03-04,23,"1,020",248,"38,111",33.2,17,47,1
Qatar,2020-03-05,24,"1,020",248,"38,111",33.2,16,55,0
Qatar,2020-03-06,23,"1,020",248,"38,111",33.2,16,58,0
Qatar,2020-03-07,25,"1,020",248,"38,111",33.2,18,51,3
Qatar,2020-03-08,27,"1,020",248,"38,111",33.2,19,53,1
Qatar,2020-03-09,24,"1,020",248,"38,111",33.2,18,54,3
Qatar,2020-03-10,25,"1,020",248,"38,111",33.2,18,63,3
Qatar,2020-03-11,24,"1,020",248,"38,111",33.2,17,61,6
Qatar,2020-03-12,25,"1,020",248,"38,111",33.2,17,46,238
Qatar,2020-03-13,24,"1,020",248,"38,111",33.2,19,49,0
Qatar,2020-03-14,27,"1,020",248,"38,111",33.2,22,50,0
Qatar,2020-03-15,27,"1,020",248,"38,111",33.2,22,47,75
Qatar,2020-03-16,27,"1,020",248,"38,111",33.2,20,59,64
Qatar,2020-03-17,25,"1,020",248,"38,111",33.2,21,66,38
Canada,2020-01-22,-1,"1,021",4,"6,385,985",42.2,-9,89,
Canada,2020-01-23,0,"1,021",4,"6,385,985",42.2,-6,91,
Canada,2020-01-24,-1,"1,021",4,"6,385,985",42.2,-8,94,
Canada,2020-01-25,-1,"1,021",4,"6,385,985",42.2,-9,96,
Canada,2020-01-26,1,"1,021",4,"6,385,985",42.2,-7,99,
Canada,2020-01-27,-1,"1,021",4,"6,385,985",42.2,-5,93,
Canada,2020-01-28,-4,"1,021",4,"6,385,985",42.2,-9,91,1
Canada,2020-01-29,-6,"1,021",4,"6,385,985",42.2,-17,88,1
Canada,2020-01-30,-9,"1,021",4,"6,385,985",42.2,-17,89,0
Canada,2020-01-31,-7,"1,021",4,"6,385,985",42.2,-17,93,0
Canada,2020-02-01,-2,"1,021",4,"6,385,985",42.2,-12,95,1
Canada,2020-02-02,-1,"1,021",4,"6,385,985",42.2,-8,97,0
Canada,2020-02-03,1,"1,021",4,"6,385,985",42.2,-6,92,0
Canada,2020-02-04,0,"1,021",4,"6,385,985",42.2,-7,90,0
Canada,2020-02-05,-10,"1,021",4,"6,385,985",42.2,-18,85,1
Canada,2020-02-06,-4,"1,021",4,"6,385,985",42.2,-12,95,0
Canada,2020-02-07,-6,"1,021",4,"6,385,985",42.2,-13,89,2
Canada,2020-02-08,-15,"1,021",4,"6,385,985",42.2,-25,89,0
Canada,2020-02-09,-9,"1,021",4,"6,385,985",42.2,-24,91,0
Canada,2020-02-10,0,"1,021",4,"6,385,985",42.2,-6,96,0
Canada,2020-02-11,0,"1,021",4,"6,385,985",42.2,-7,93,0
Canada,2020-02-12,-1,"1,021",4,"6,385,985",42.2,-9,88,0
Canada,2020-02-13,-3,"1,021",4,"6,385,985",42.2,-18,92,0
Canada,2020-02-14,-17,"1,021",4,"6,385,985",42.2,-27,87,0
Canada,2020-02-15,-7,"1,021",4,"6,385,985",42.2,-21,91,0
Canada,2020-02-16,0,"1,021",4,"6,385,985",42.2,-5,89,0
Canada,2020-02-17,-8,"1,021",4,"6,385,985",42.2,-18,84,0
Canada,2020-02-18,2,"1,021",4,"6,385,985",42.2,-15,93,1
Canada,2020-02-19,-9,"1,021",4,"6,385,985",42.2,-14,82,0
Canada,2020-02-20,-13,"1,021",4,"6,385,985",42.2,-20,89,0
Canada,2020-02-21,-3,"1,021",4,"6,385,985",42.2,-19,88,0
Canada,2020-02-22,0,"1,021",4,"6,385,985",42.2,-7,89,0
Canada,2020-02-23,1,"1,021",4,"6,385,985",42.2,-7,95,1
Canada,2020-02-24,2,"1,021",4,"6,385,985",42.2,-2,94,0
Canada,2020-02-25,0,"1,021",4,"6,385,985",42.2,-4,92,1
Canada,2020-02-26,-1,"1,021",4,"6,385,985",42.2,-6,91,0
Canada,2020-02-27,1,"1,021",4,"6,385,985",42.2,-10,96,1
Canada,2020-02-28,-10,"1,021",4,"6,385,985",42.2,-14,88,0
Canada,2020-02-29,-9,"1,021",4,"6,385,985",42.2,-17,91,3
Canada,2020-03-01,-5,"1,021",4,"6,385,985",42.2,-18,88,5
Canada,2020-03-02,3,"1,021",4,"6,385,985",42.2,-7,98,0
Canada,2020-03-03,0,"1,021",4,"6,385,985",42.2,-9,96,8
Canada,2020-03-04,1,"1,021",4,"6,385,985",42.2,-3,92,3
Canada,2020-03-05,0,"1,021",4,"6,385,985",42.2,-5,95,0
Canada,2020-03-06,-1,"1,021",4,"6,385,985",42.2,-6,91,15
Canada,2020-03-07,-3,"1,021",4,"6,385,985",42.2,-12,83,6
Canada,2020-03-08,3,"1,021",4,"6,385,985",42.2,-5,89,6
Canada,2020-03-09,8,"1,021",4,"6,385,985",42.2,1,90,5
Canada,2020-03-10,7,"1,021",4,"6,385,985",42.2,-4,92,15
Canada,2020-03-11,-2,"1,021",4,"6,385,985",42.2,-9,76,16
Canada,2020-03-12,0,"1,021",4,"6,385,985",42.2,-6,93,0
Canada,2020-03-13,8,"1,021",4,"6,385,985",42.2,0,83,45
Canada,2020-03-14,2,"1,021",4,"6,385,985",42.2,-3,69,38
Canada,2020-03-15,-3,"1,021",4,"6,385,985",42.2,-8,62,68
Canada,2020-03-16,-2,"1,021",4,"6,385,985",42.2,-9,78,60
Canada,2020-03-17,5,"1,021",4,"6,385,985",42.2,-1,83,120